Category,Keyword
Questions,who
Questions,what
Questions,where
Questions,when
Questions,why
Questions,how
Questions,are
Prepositions,can
Prepositions,with
Prepositions,for
Alphabit,a
Alphabit,b
Alphabit,c
Alphabit,d
Alphabit,e
Alphabit,f
Alphabit,g
Alphabit,h
Alphabit,i
Alphabit,j
Alphabit,k
Alphabit,l
Alphabit,m
Alphabit,n
Alphabit,o
Alphabit,p
Alphabit,q
Alphabit,r
Alphabit,s
Alphabit,t
Alphabit,u
Alphabit,v
Alphabit,w
Alphabit,x
Alphabit,y
Alphabit,z
Comparisons,vs
Comparisons,versus
Comparisons,or
Intent-Based,buy
Intent-Based,review
Intent-Based,price
Intent-Based,best
Intent-Based,top
Intent-Based,how to
Intent-Based,why to
Time-Related,when
Time-Related,schedule
Time-Related,deadline
Time-Related,today
Time-Related,now
Time-Related,latest
Audience-Specific,for beginners
Audience-Specific,for small businesses
Audience-Specific,for students
Audience-Specific,for professionals
Problem-Solving,solution
Problem-Solving,issue
Problem-Solving,error
Problem-Solving,troubleshoot
Problem-Solving,fix
Feature-Specific,with video
Feature-Specific,with images
Feature-Specific,analytics
Feature-Specific,tools
Feature-Specific,with example
Opinions/Reviews,review
Opinions/Reviews,opinion
Opinions/Reviews,rating
Opinions/Reviews,feedback
Opinions/Reviews,testimonial
Cost-Related,price
Cost-Related,cost
Cost-Related,budget
Cost-Related,cheap
Cost-Related,expensive
Cost-Related,value
Trend-Based,trends
Trend-Based,new
Trend-Based,upcoming
